{
  "images": [
    {
      "idiom": "iphone",
      "size": "20x20",
      "scale": "2x"
    },
    {
      "idiom": "iphone",
      "size": "20x20",
      "scale": "3x"
    },
    {
      "idiom": "iphone",
      "size": "29x29",
      "scale": "2x"
    },
    {
      "idiom": "iphone",
      "size": "29x29",
      "scale": "3x"
    },
    {
      "idiom": "iphone",
      "size": "40x40",
      "scale": "2x"
    },
    {
      "idiom": "iphone",
      "size": "40x40",
      "scale": "3x"
    },
    {
      "idiom": "iphone",
      "size": "60x60",
      "scale": "2x"
    },
    {
      "idiom": "iphone",
      "size": "60x60",
      "scale": "3x"
    }
  ],
  "info": {
    "version": 1,
    "author": "xcode"
  }
}